INSERT INTO `event_forward_config`
(`id`, `name`, `desc`, `app_code`, `type_id`, `level`, `fw_enabled`, `fw_type`, `fw_targets`, `fw_tpl_text`, `status`)
VALUES
('1', '标题', '说明', 'UCSP', '1', '1', '0', 'SMS', '[{"name":"李娜","phone":"13312345678"},{"name":"开心","phone":"13312345678"},{"name":"赵琼","phone":"13312345678"},{"name":"陈潇","phone":"13312345678"}]', '测试模版', '1'),
('2', '标题', '说明', 'UCSP', '1', '2', '1', 'SMS', '[{"name":"李娜","phone":"13312345678"},{"name":"开心","phone":"13312345678"},{"name":"赵琼","phone":"13312345678"},{"name":"陈潇","phone":"13312345678"}]', '测试模版', '1'),
('3', '标题', '说明', 'UCSP', '1', '3', '1', 'SMS', '[{"name":"李娜","phone":"13312345678"},{"name":"开心","phone":"13312345678"},{"name":"赵琼","phone":"13312345678"},{"name":"陈潇","phone":"13312345678"}]', '测试模版', '1'),
('4', '标题', '说明', 'UCSP', '2', '1', '1', 'SMS', '[{"name":"李娜","phone":"13312345678"},{"name":"开心","phone":"13312345678"},{"name":"赵琼","phone":"13312345678"},{"name":"陈潇","phone":"13312345678"}]', '测试模版', '1'),
('5', '标题', '说明', 'UCSP', '2', '2', '1', 'SMS', '[{"name":"李娜","phone":"13312345678"},{"name":"开心","phone":"13312345678"},{"name":"赵琼","phone":"13312345678"},{"name":"陈潇","phone":"13312345678"}]', '测试模版', '1'),
('6', '标题', '说明', 'UCSP', '2', '3', '0', 'SMS', '[{"name":"李娜","phone":"13312345678"},{"name":"开心","phone":"13312345678"},{"name":"赵琼","phone":"13312345678"},{"name":"陈潇","phone":"13312345678"}]', '测试模版', '1'),
('7', '标题', '说明', 'UCSP', '3', '1', '1', 'SMS', '[{"name":"李娜","phone":"13312345678"},{"name":"开心","phone":"13312345678"},{"name":"赵琼","phone":"13312345678"},{"name":"陈潇","phone":"13312345678"}]', '测试模版', '1'),
('8', '标题', '说明', 'UCSP', '3', '2', '0', 'SMS', '[{"name":"李娜","phone":"13312345678"},{"name":"开心","phone":"13312345678"},{"name":"赵琼","phone":"13312345678"},{"name":"陈潇","phone":"13312345678"}]', '测试模版', '1'),
('9', '标题', '说明', 'UCSP', '3', '3', '1', 'SMS', '[{"name":"李娜","phone":"13312345678"},{"name":"开心","phone":"13312345678"},{"name":"赵琼","phone":"13312345678"},{"name":"陈潇","phone":"13312345678"}]', '测试模版', '1'),
('10', '标题', '说明', 'UCSP', '4', '1', '0', 'SMS', '[{"name":"李娜","phone":"13312345678"},{"name":"开心","phone":"13312345678"},{"name":"赵琼","phone":"13312345678"},{"name":"陈潇","phone":"13312345678"}]', '测试模版', '1'),
('11', '标题', '说明', 'UCSP', '4', '2', '1', 'SMS', '[{"name":"李娜","phone":"13312345678"},{"name":"开心","phone":"13312345678"},{"name":"赵琼","phone":"13312345678"},{"name":"陈潇","phone":"13312345678"}]', '测试模版', '1'),
('12', '标题', '说明', 'UCSP', '4', '3', '1', 'SMS', '[{"name":"李娜","phone":"13312345678"},{"name":"开心","phone":"13312345678"},{"name":"赵琼","phone":"13312345678"},{"name":"陈潇","phone":"13312345678"}]', '测试模版', '1'),
('13', '标题', '说明', 'UIOT', '1', '1', '0', 'SMS', '[{"name":"李娜","phone":"13312345678"},{"name":"开心","phone":"13312345678"},{"name":"赵琼","phone":"13312345678"},{"name":"陈潇","phone":"13312345678"}]', '测试模版', '1'),
('14', '标题', '说明', 'UIOT', '1', '2', '1', 'SMS', '[{"name":"李娜","phone":"13312345678"},{"name":"开心","phone":"13312345678"},{"name":"赵琼","phone":"13312345678"},{"name":"陈潇","phone":"13312345678"}]', '测试模版', '1'),
('15', '标题', '说明', 'UIOT', '1', '3', '1', 'SMS', '[{"name":"李娜","phone":"13312345678"},{"name":"开心","phone":"13312345678"},{"name":"赵琼","phone":"13312345678"},{"name":"陈潇","phone":"13312345678"}]', '测试模版', '1'),
('16', '标题', '说明', 'UIOT', '2', '1', '1', 'SMS', '[{"name":"李娜","phone":"13312345678"},{"name":"开心","phone":"13312345678"},{"name":"赵琼","phone":"13312345678"},{"name":"陈潇","phone":"13312345678"}]', '测试模版', '1'),
('17', '标题', '说明', 'UIOT', '2', '2', '1', 'SMS', '[{"name":"李娜","phone":"13312345678"},{"name":"开心","phone":"13312345678"},{"name":"赵琼","phone":"13312345678"},{"name":"陈潇","phone":"13312345678"}]', '测试模版', '1'),
('18', '标题', '说明', 'UIOT', '2', '3', '0', 'SMS', '[{"name":"李娜","phone":"13312345678"},{"name":"开心","phone":"13312345678"},{"name":"赵琼","phone":"13312345678"},{"name":"陈潇","phone":"13312345678"}]', '测试模版', '1'),
('19', '标题', '说明', 'UIOT', '3', '1', '1', 'SMS', '[{"name":"李娜","phone":"13312345678"},{"name":"开心","phone":"13312345678"},{"name":"赵琼","phone":"13312345678"},{"name":"陈潇","phone":"13312345678"}]', '测试模版', '1'),
('20', '标题', '说明', 'UIOT', '3', '2', '0', 'SMS', '[{"name":"李娜","phone":"13312345678"},{"name":"开心","phone":"13312345678"},{"name":"赵琼","phone":"13312345678"},{"name":"陈潇","phone":"13312345678"}]', '测试模版', '1'),
('21', '标题', '说明', 'UIOT', '3', '3', '1', 'SMS', '[{"name":"李娜","phone":"13312345678"},{"name":"开心","phone":"13312345678"},{"name":"赵琼","phone":"13312345678"},{"name":"陈潇","phone":"13312345678"}]', '测试模版', '1'),
('22', '标题', '说明', 'UIOT', '4', '1', '0', 'SMS', '[{"name":"李娜","phone":"13312345678"},{"name":"开心","phone":"13312345678"},{"name":"赵琼","phone":"13312345678"},{"name":"陈潇","phone":"13312345678"}]', '测试模版', '1'),
('23', '标题', '说明', 'UIOT', '4', '2', '1', 'SMS', '[{"name":"李娜","phone":"13312345678"},{"name":"开心","phone":"13312345678"},{"name":"赵琼","phone":"13312345678"},{"name":"陈潇","phone":"13312345678"}]', '测试模版', '1'),
('24', '标题', '说明', 'UIOT', '4', '3', '1', 'SMS', '[{"name":"李娜","phone":"13312345678"},{"name":"开心","phone":"13312345678"},{"name":"赵琼","phone":"13312345678"},{"name":"陈潇","phone":"13312345678"}]', '测试模版', '1'),
('25', '标题', '说明', 'SESP', '1', '1', '0', 'SMS', '[{"name":"李娜","phone":"13312345678"},{"name":"开心","phone":"13312345678"},{"name":"赵琼","phone":"13312345678"},{"name":"陈潇","phone":"13312345678"}]', '测试模版', '1'),
('26', '标题', '说明', 'SESP', '1', '2', '1', 'SMS', '[{"name":"李娜","phone":"13312345678"},{"name":"开心","phone":"13312345678"},{"name":"赵琼","phone":"13312345678"},{"name":"陈潇","phone":"13312345678"}]', '测试模版', '1'),
('27', '标题', '说明', 'SESP', '1', '3', '1', 'SMS', '[{"name":"李娜","phone":"13312345678"},{"name":"开心","phone":"13312345678"},{"name":"赵琼","phone":"13312345678"},{"name":"陈潇","phone":"13312345678"}]', '测试模版', '1'),
('28', '标题', '说明', 'SESP', '2', '1', '1', 'SMS', '[{"name":"李娜","phone":"13312345678"},{"name":"开心","phone":"13312345678"},{"name":"赵琼","phone":"13312345678"},{"name":"陈潇","phone":"13312345678"}]', '测试模版', '1'),
('29', '标题', '说明', 'SESP', '2', '2', '1', 'SMS', '[{"name":"李娜","phone":"13312345678"},{"name":"开心","phone":"13312345678"},{"name":"赵琼","phone":"13312345678"},{"name":"陈潇","phone":"13312345678"}]', '测试模版', '1'),
('30', '标题', '说明', 'SESP', '2', '3', '0', 'SMS', '[{"name":"李娜","phone":"13312345678"},{"name":"开心","phone":"13312345678"},{"name":"赵琼","phone":"13312345678"},{"name":"陈潇","phone":"13312345678"}]', '测试模版', '1'),
('31', '标题', '说明', 'SESP', '3', '1', '1', 'SMS', '[{"name":"李娜","phone":"13312345678"},{"name":"开心","phone":"13312345678"},{"name":"赵琼","phone":"13312345678"},{"name":"陈潇","phone":"13312345678"}]', '测试模版', '1'),
('32', '标题', '说明', 'SESP', '3', '2', '0', 'SMS', '[{"name":"李娜","phone":"13312345678"},{"name":"开心","phone":"13312345678"},{"name":"赵琼","phone":"13312345678"},{"name":"陈潇","phone":"13312345678"}]', '测试模版', '1'),
('33', '标题', '说明', 'SESP', '3', '3', '1', 'SMS', '[{"name":"李娜","phone":"13312345678"},{"name":"开心","phone":"13312345678"},{"name":"赵琼","phone":"13312345678"},{"name":"陈潇","phone":"13312345678"}]', '测试模版', '1'),
('34', '标题', '说明', 'SESP', '4', '1', '0', 'SMS', '[{"name":"李娜","phone":"13312345678"},{"name":"开心","phone":"13312345678"},{"name":"赵琼","phone":"13312345678"},{"name":"陈潇","phone":"13312345678"}]', '测试模版', '1'),
('35', '标题', '说明', 'SESP', '4', '2', '1', 'SMS', '[{"name":"李娜","phone":"13312345678"},{"name":"开心","phone":"13312345678"},{"name":"赵琼","phone":"13312345678"},{"name":"陈潇","phone":"13312345678"}]', '测试模版', '1'),
('36', '标题', '说明', 'SESP', '4', '3', '1', 'SMS', '[{"name":"李娜","phone":"13312345678"},{"name":"开心","phone":"13312345678"},{"name":"赵琼","phone":"13312345678"},{"name":"陈潇","phone":"13312345678"}]', '测试模版', '1');


INSERT INTO `event_app_code` (`id`, `name`, `code`) VALUES (1, '协同支撑平台--业务中台', 'UCSP');
INSERT INTO `event_app_code` (`id`, `name`, `code`) VALUES (2, '统一物联聚合平台', 'UIOT');
INSERT INTO `event_app_code` (`id`, `name`, `code`) VALUES (3, '平安会展（包括指挥调度/智能检测/单兵作战）', 'SESP');
INSERT INTO `event_app_code` (`id`, `name`, `code`) VALUES (4, '会展场馆预订管理系统', 'EBMS');
INSERT INTO `event_app_code` (`id`, `name`, `code`) VALUES (5, '现场订单管理系统', 'EIMS');
INSERT INTO `event_app_code` (`id`, `name`, `code`) VALUES (6, '门禁制证系统', 'EPMS');
INSERT INTO `event_app_code` (`id`, `name`, `code`) VALUES (7, '场馆三维可视化运维系统', 'TDVM');
INSERT INTO `event_app_code` (`id`, `name`, `code`) VALUES (8, '统一融合平台', 'MIXC');
INSERT INTO `event_app_code` (`id`, `name`, `code`) VALUES (9, '统一三维智能服务平台', 'TDIS');
INSERT INTO `event_app_code` (`id`, `name`, `code`) VALUES (10, 'CEOC综合可视化系统', 'CEOC');
INSERT INTO `event_app_code` (`id`, `name`, `code`) VALUES (11, '统一会展大数据平台', 'BIGD');
INSERT INTO `event_app_code` (`id`, `name`, `code`) VALUES (12, '位置服务平台', 'POSP');
INSERT INTO `event_app_code` (`id`, `name`, `code`) VALUES (13, '智能资产管理', 'IPMS');
INSERT INTO `event_app_code` (`id`, `name`, `code`) VALUES (14, '综合服务统一门户', 'USUP');
INSERT INTO `event_app_code` (`id`, `name`, `code`) VALUES (15, 'IBMS系统', 'IBMS');
INSERT INTO `event_app_code` (`id`, `name`, `code`) VALUES (16, '多屏多端控制系统', 'MMCS');
INSERT INTO `event_app_code` (`id`, `name`, `code`) VALUES (17, '创新服务平台', 'INOS');

INSERT INTO `event_type` (`id`, `name`) VALUES (1, '人员');
INSERT INTO `event_type` (`id`, `name`) VALUES (2, '车辆');
INSERT INTO `event_type` (`id`, `name`) VALUES (3, '环境');
INSERT INTO `event_type` (`id`, `name`) VALUES (4, '物品');
INSERT INTO `event_type` (`id`, `name`) VALUES (5, '设备');
INSERT INTO `event_type` (`id`, `name`) VALUES (6, '食品');
INSERT INTO `event_type` (`id`, `name`) VALUES (7, '生产');

--INSERT INTO test.event (trace_id, type_id, title, message, app_code, status, level, occur_time, log_time) VALUES ('app-1-1', 1, 'title', 'app-1, configId: 1, message', 'app-1', 0, 3, '2019-07-01 11:07:14', '2019-07-01 11:07:14');
--INSERT INTO test.event (trace_id, type_id, title, message, app_code, status, level, occur_time, log_time) VALUES ('app-1-2', 0, 'title', 'app-1, configId: 0, message', 'app-1', 0, 0, '2019-07-02 11:07:14', '2019-07-02 11:07:14');
--INSERT INTO test.event (trace_id, type_id, title, message, app_code, status, level, occur_time, log_time) VALUES ('app-1-3', 1, 'title', 'app-1, configId: 1, message', 'app-1', 0, 2, '2019-07-03 11:07:14', '2019-07-03 11:07:14');
--INSERT INTO test.event (trace_id, type_id, title, message, app_code, status, level, occur_time, log_time) VALUES ('app-1-4', 0, 'title', 'app-1, configId: 0, message', 'app-1', 0, 0, '2019-07-04 11:07:14', '2019-07-04 11:07:14');
--INSERT INTO test.event (trace_id, type_id, title, message, app_code, status, level, occur_time, log_time) VALUES ('app-1-5', 1, 'title', 'app-1, configId: 1, message', 'app-1', 0, 1, '2019-07-05 11:07:14', '2019-07-05 11:07:14');
--INSERT INTO test.event (trace_id, type_id, title, message, app_code, status, level, occur_time, log_time) VALUES ('app-1-6', 0, 'title', 'app-1, configId: 0, message', 'app-1', 0, 0, '2019-07-05 11:07:14', '2019-07-05 11:07:14');
--INSERT INTO test.event (trace_id, type_id, title, message, app_code, status, level, occur_time, log_time) VALUES ('app-1-7', 1, 'title', 'app-1, configId: 1, message', 'app-1', 0, 3, '2019-07-06 11:07:14', '2019-07-06 11:07:14');
--INSERT INTO test.event (trace_id, type_id, title, message, app_code, status, level, occur_time, log_time) VALUES ('app-1-8', 0, 'title', 'app-1, configId: 0, message', 'app-1', 0, 0, '2019-07-07 11:07:14', '2019-07-07 11:07:14');
--INSERT INTO test.event (trace_id, type_id, title, message, app_code, status, level, occur_time, log_time) VALUES ('app-1-9', 1, 'title', 'app-1, configId: 1, message', 'app-1', 0, 3, '2019-07-08 11:07:14', '2019-07-08 11:07:14');
--INSERT INTO test.event (trace_id, type_id, title, message, app_code, status, level, occur_time, log_time) VALUES ('app-1-10', 0, 'title', 'app-1, configId: 0, message', 'app-1', 0, 0, '2019-07-09 11:07:14', '2019-07-09 11:07:14');
--INSERT INTO test.event (trace_id, type_id, title, message, app_code, status, level, occur_time, log_time) VALUES ('app-1-11', 1, 'title', 'app-1, configId: 1, message', 'app-1', 0, 3, '2019-07-10 11:07:14', '2019-07-10 10:34:33');
--INSERT INTO test.event (trace_id, type_id, title, message, app_code, status, level, occur_time, log_time) VALUES ('app-1-12', 1, 'title', 'app-1, configId: 1, message', 'app-1', 0, 3, '2019-07-11 11:07:14', '2019-07-11 10:34:43');
--INSERT INTO test.event (trace_id, type_id, title, message, app_code, status, level, occur_time, log_time) VALUES ('app-1-13', 1, 'title', 'app-1, configId: 1, message', 'app-1', 0, 3, '2019-07-12 11:07:14', '2019-07-12 10:36:15');
--INSERT INTO test.event (trace_id, type_id, title, message, app_code, status, level, occur_time, log_time) VALUES ('app-1-14', 1, 'title', 'app-1, configId: 1, message', 'app-1', 0, 3, '2019-07-13 11:07:14', '2019-07-13 10:36:22');
--INSERT INTO test.event (trace_id, type_id, title, message, app_code, status, level, occur_time, log_time) VALUES ('app-1-15', 1, 'title', 'app-1, configId: 1, message', 'app-1', 0, 3, '2019-07-14 11:07:14', '2019-07-14 10:36:32');
--INSERT INTO test.event (trace_id, type_id, title, message, app_code, status, level, occur_time, log_time) VALUES ('app-1-16', 1, 'title', 'app-1, configId: 1, message', 'app-1', 0, 3, '2019-07-15 11:07:14', '2019-07-15 10:36:42');
--INSERT INTO test.event (trace_id, type_id, title, message, app_code, status, level, occur_time, log_time) VALUES ('app-1-17', 1, 'title', 'app-1, configId: 1, message', 'app-1', 0, 3, '2019-07-16 11:07:14', '2019-07-16 10:36:52');
--INSERT INTO test.event (trace_id, type_id, title, message, app_code, status, level, occur_time, log_time) VALUES ('app-1-18', 0, 'title', 'app-1, configId: 0, message', 'app-1', 0, 0, '2019-07-17 11:07:14', '2019-07-17 11:07:14');
--INSERT INTO test.event (trace_id, type_id, title, message, app_code, status, level, occur_time, log_time) VALUES ('app-1-19', 1, 'title', 'app-1, configId: 1, message', 'app-1', 0, 3, '2019-07-18 11:07:14', '2019-07-18 10:59:44');
--INSERT INTO test.event (trace_id, type_id, title, message, app_code, status, level, occur_time, log_time) VALUES ('app-1-20', 0, 'title', 'app-1, configId: 0, message', 'app-1', 0, 0, '2019-07-19 11:07:14', '2019-07-19 11:07:14');

--INSERT INTO `event_status_log` (`event_id`, `prev_status`, `curr_status`, `overtime`, `log_time`, `owner`) VALUES ('1', '0', '1', '0', '2019-07-16 10:00:00', 'A');
--INSERT INTO `event_status_log` (`event_id`, `prev_status`, `curr_status`, `overtime`, `log_time`, `owner`) VALUES ('1', '1', '2', '0', '2019-07-16 10:05:00', 'A');
--INSERT INTO `event_status_log` (`event_id`, `prev_status`, `curr_status`, `overtime`, `log_time`, `owner`) VALUES ('1', '2', '3', '0', '2019-07-16 10:10:00', 'A');
--INSERT INTO `event_status_log` (`event_id`, `prev_status`, `curr_status`, `overtime`, `log_time`, `owner`) VALUES ('2', '0', '1', '0', '2019-07-16 10:01:00', 'B');
--INSERT INTO `event_status_log` (`event_id`, `prev_status`, `curr_status`, `overtime`, `log_time`, `owner`) VALUES ('2', '1', '2', '0', '2019-07-16 10:06:00', 'B');
--INSERT INTO `event_status_log` (`event_id`, `prev_status`, `curr_status`, `overtime`, `log_time`, `owner`) VALUES ('2', '2', '3', '0', '2019-07-16 10:11:00', 'B');
--INSERT INTO `event_status_log` (`event_id`, `prev_status`, `curr_status`, `overtime`, `log_time`, `owner`) VALUES ('3', '0', '1', '0', '2019-07-16 10:02:00', 'A');
--INSERT INTO `event_status_log` (`event_id`, `prev_status`, `curr_status`, `overtime`, `log_time`, `owner`) VALUES ('3', '1', '2', '0', '2019-07-16 10:07:00', 'A');
--INSERT INTO `event_status_log` (`event_id`, `prev_status`, `curr_status`, `overtime`, `log_time`, `owner`) VALUES ('3', '2', '3', '0', '2019-07-16 10:12:00', 'A');
--INSERT INTO `event_status_log` (`event_id`, `prev_status`, `curr_status`, `overtime`, `log_time`, `owner`) VALUES ('4', '0', '1', '0', '2019-07-16 10:03:00', 'B');
--INSERT INTO `event_status_log` (`event_id`, `prev_status`, `curr_status`, `overtime`, `log_time`, `owner`) VALUES ('4', '1', '2', '0', '2019-07-16 10:08:00', 'B');
--INSERT INTO `event_status_log` (`event_id`, `prev_status`, `curr_status`, `overtime`, `log_time`, `owner`) VALUES ('4', '2', '3', '0', '2019-07-16 10:13:00', 'B');
--INSERT INTO `event_status_log` (`event_id`, `prev_status`, `curr_status`, `overtime`, `log_time`, `owner`) VALUES ('5', '0', '1', '1', '2019-07-16 10:02:00', 'A');
--INSERT INTO `event_status_log` (`event_id`, `prev_status`, `curr_status`, `overtime`, `log_time`, `owner`) VALUES ('5', '1', '2', '1', '2019-07-16 10:07:00', 'A');
--INSERT INTO `event_status_log` (`event_id`, `prev_status`, `curr_status`, `overtime`, `log_time`, `owner`) VALUES ('5', '2', '3', '1', '2019-07-16 10:12:00', 'A');
--INSERT INTO `event_status_log` (`event_id`, `prev_status`, `curr_status`, `overtime`, `log_time`, `owner`) VALUES ('6', '0', '1', '1', '2019-07-16 10:03:00', 'B');
--INSERT INTO `event_status_log` (`event_id`, `prev_status`, `curr_status`, `overtime`, `log_time`, `owner`) VALUES ('6', '1', '2', '1', '2019-07-16 10:08:00', 'B');
--INSERT INTO `event_status_log` (`event_id`, `prev_status`, `curr_status`, `overtime`, `log_time`, `owner`) VALUES ('6', '2', '3', '1', '2019-07-16 10:13:00', 'B');
